INSERT INTO worker
(ID, NAME, BIRTHDAY, LEVEL, SALARY)
VALUES
    (1,'Cardan', '2000-01-01', 'Senior', 88000),
    (2,'Tamlin', '1998-05-14', 'Junior', 800),
	(3,'Kaz', '2005-09-11', 'Senior', 98000),
	(4,'Jasper', '2004-03-18', 'Junior', 1200),
	(5,'Inej', '2006-07-16', 'Middle', 5000),
	(6,'Jude', '2003-08-05', 'Senior', 50000),
	(7,'Madok', '1979-07-12', 'Trainee', 700),
	(8,'Poppy', '2002-08-24', 'Junior', 6000),
	(9,'Rin', '1995-11-07', 'Trainee', 400),
	(10,'Kieran', '1994-11-03', 'Middle', 4500),
	(11,'Nikolai', '1996-12-28', 'Senior', 70000);

INSERT INTO client
(ID, NAME)
VALUES
    (1,'Alina'),
    (2,'Kas'),
	(3,'Terin'),
	(4,'Kitai'),
	(5,'Nina');

INSERT INTO project
(ID, CLIENT_ID, START_DATE, FINISH_DATE)
VALUES
    (11, 1, '2018-01-12', '2022-03-18'),
	(22, 2, '2019-08-13', '2021-04-21'),
    (33, 3, '2017-03-16', '2022-07-16'),
	(44, 4, '2006-06-28', '2013-10-29'),
	(55, 5, '2011-10-08', '2013-10-29'),
	(66, 3, '2006-04-01 ', '2010-06-01'),
	(77, 1, '2012-07-01', '2014-08-01'),
    (88, 2, '2016-09-01', '2018-10-01'),
	(99, 2, '2020-11-01', '2023-01-01'),
	(1010, 4, '2020-10-10', '2020-12-10'),
    (1111, 5, '2018-01-12', '2020-03-18');

INSERT INTO project_worker
(PROJECT_ID, WORKER_ID)
VALUES
    (11, 11),
	(22, 8),
	(22, 10),
    (33, 1),
	(33, 6),
	(33, 7),
	(44, 9),
	(55, 3),
	(55, 4),
	(55, 5),
	(66, 2),
	(66, 9),
	(66, 5),
	(66, 8),
	(77, 1),
	(77, 2),
	(77, 3),
    (88, 11),
	(88, 10),
	(88, 1),
	(99, 5),
	(99, 7),
	(99, 9),
	(1010, 4),
	(1010, 6),
	(1010, 8),
	(1010, 10),
    (1111, 1);
